Number of iterations;200;-;-;-;-
Agent #;Agent type;Average spent;SD spent;Average Utility;SD Utility
0;PiratesBB;981.9022270893486;846.2853454297759;533.7675229106513;2.950047223401198
1;PiratesBB;1079.3103711436572;937.739829177506;586.3183788563429;2.9794774159044395
2;PiratesBB;1032.4138502510928;944.4066024602724;547.8132497489073;2.769205286471053
3;PiratesBB;1016.0526742309961;890.5685668337062;426.6812757690041;2.3606855241860414
4;PiratesBB;1040.7700630170964;835.6087859487736;531.5848869829036;2.802875705805273
5;Seller;5150.449185732191;1546.898075412308;0;0
