Number of iterations;200;-;-;-;-
Agent #;Agent type;Average spent;SD spent;Average Utility;SD Utility
0;PiratesBB;1104.6087352596335;788.356486952333;639.3481647403667;3.192033243631768
1;PiratesBB;996.6130725131854;901.8935860857591;542.0497274868146;2.8289225468839976
2;PiratesBB;1032.97993998861;900.5958462899781;545.1390600113899;2.856118668266384
3;PiratesBB;1088.3180532900044;868.455048941439;519.8436967099957;2.6618265226621536
4;PiratesBB;966.077609099102;868.4075963718999;525.9354409008979;2.8716457909274977
5;Seller;5188.597410150535;1447.1893598618842;0;0
