Number of iterations;200;-;-;-;-
Agent #;Agent type;Average spent;SD spent;Average Utility;SD Utility
0;PiratesBB;1050.82213425644;880.0518981046421;636.7263657435601;3.364008041075482
1;PiratesBB;974.2737370065532;863.5495193022078;527.6601629934469;3.008031474312513
2;PiratesBB;1050.1670459815955;879.0398858657085;552.1547540184046;2.742562842627366
3;PiratesBB;1062.7924147043957;881.5301901973771;562.0395852956043;2.777612413480642
4;PiratesBB;939.3908669982034;797.7757387518474;500.25058300179654;2.5776504177098336
5;Seller;5077.446198947188;1495.3347422910365;0;0
